Name,sku,Price,Uniques of eCommerce - Purchase - Item
12 oz. JETTY JUNIOR,645611168,3.99,4
ACAI BERRY BOOST™,645608964,11.18,1
ACAI BERRY BOOST™,645608964,11.69,1
ACAI BOWL,655715430,10.69,1
ACAI BOWL,655715430,11.98,1
ACAI BOWL WITH NUTELLA®,655874409,11.79,1
ALL AMERICAN WRAP,655622084,4.49,1
AVOCOLADA™,645609031,13.08,1
BAHAMA MAMA™,645609089,7.59,2
BAHAMA MAMA™,645609089,9.34,1
BAHAMA MAMA™ BOWL,655847158,14.88,1
BAJA CHICKEN,654116827,8.69,1
BEACH BUM™,645609111,7.49,2
BEACH BUM™,645609111,7.99,1
BLIMEY LIMEY™,645609131,7.09,2
BLIMEY LIMEY™,645609131,8.09,1
BLUEBERRY BLISS™,645609153,10.77,1
BLUEBERRY BLISS™,645609153,7.09,1
BLUEBERRY BLISS™,645609153,9.59,1
BUFFALO CHICKEN,654116971,8.69,3
CALI BREAKFAST FLATBREAD,655225665,5.49,1
CALI BREAKFAST FLATBREAD,655225665,6.24,1
CHEESE 'DILLA,645609888,4.49,1
CHEESE 'DILLA,645609888,5.48,1
CHIA BANANA BOOST®,645609366,14.18,1
CHICKEN BACON RANCH,645609477,7.29,2
CHICKEN PESTO,645609541,7.39,1
CHICKEN PESTO,645609541,8.380000000000001,3
CHIPOTLE CHICKEN CLUB,645609567,7.49,5
CHIPOTLE CHICKEN CLUB,645609567,7.74,1
CHIPOTLE CHICKEN CLUB,645609567,7.99,1
CHIPOTLE CHICKEN CLUB,645609567,9.23,1
CHIPOTLE CHICKEN CLUB,645609567,9.98,1
CHOCOLATE CHIP COOKIE,645611577,1.69,1
DETOX ISLAND GREEN®,645609728,7.69,1
DETOX ISLAND GREEN®,645609728,9.18,1
HUMMUS VEGGIE,645610795,8.69,1
ISLAND GREEN®,645609810,7.69,3
JETTY PUNCH™,645609854,7.29,2
JETTY PUNCH™,645609854,8.289999999999999,1
JETTY PUNCH™,645609854,9.09,1
JETTY PUNCH™,645609854,9.289999999999999,1
LOCO BEACH COLADA,655949587,12.78,1
LOCO BEACH COLADA,655949587,7.29,2
LOCO BEACH COLADA,655949587,8.289999999999999,1
MANGO MAGIC™,645610013,7.29,1
MANGO MONSOON™ SMOOTHIE,655578088,7.89,4
MAPLE-KISSED SWEET POTATOES,654116451,1.99,2
PARADISE POINT™,645610153,7.29,3
PARADISE POINT™,645610153,8.289999999999999,1
PB BANANA CRUNCH FLATBREAD,645610192,5.39,2
PEANUT BUTTER CUP™,645610218,7.59,2
PEANUT BUTTER CUP™,645610218,8.59,1
PEANUT PARADISE™,645610237,7.69,1
PEANUT PARADISE™,645610237,8.19,2
POMEGRANATE PLUNGE™,645610264,7.59,2
POMEGRANATE PLUNGE™,645610264,9.09,2
SALTED CARAMEL JAVABLENDER,655973331,7.89,1
SANTA FE CHICKEN 'DILLA,654126364,7.39,1
SAUSAGE EGG & CHEESE ‘DILLA,655622114,5.49,1
SMOOTHIE AND A 'DILLA,655949567,11.28,3
SMOOTHIE AND A 'DILLA,655949567,12.18,1
SMOOTHIE AND A FLATBREAD,655949557,12.08,1
SMOOTHIE AND A FLATBREAD,655949557,12.18,1
SMOOTHIE AND A FLATBREAD,655949557,12.28,1
SMOOTHIE AND A SANDWICH,655949564,13.38,3
SMOOTHIE AND A WRAP,655949561,13.48,1
SMOOTHIE AND A WRAP,655949561,18.46,1
SMOOTHIE AND BREAKFAST,655944710,10.28,1
SMOOTHIE AND BREAKFAST,655944710,12.28,1
SMOOTHIE AND BREAKFAST,655944710,9.58,1
SUNRISE SUNSET™,645610409,7.29,5
SUNRISE SUNSET™,645610409,9.039999999999999,1
THAI CHICKEN,654116985,9.19,1
THREE CHEESE CHICKEN 'DILLA,654126370,6.49,3
THREE CHEESE CHICKEN 'DILLA,654126370,6.99,1
THREE CHEESE CHICKEN 'DILLA,654126370,7.48,1
TIKI TORCH WRAP,655956305,9.039999999999999,1
TURKEY & CHEDDAR WRAP,645609942,4.49,2
TURKEY & CHEDDAR WRAP,645609942,5.48,1
TURKEY BACON HONEY DIJON,655918746,3.99,1
TURKEY BACON RANCH,645610553,8.59,2
